{"cameraMode":{"drawMode":0,"name":"Shaded","section":"Shading Mode"},"sceneLighting":true,"audioPlay":false,"sceneViewState":{"showFog":true,"showMaterialUpdate":false,"showSkybox":true,"showFlares":true,"showImageEffects":true,"showParticleSystems":true},"in2DMode":false,"pivot":{"x":693.4585571289063,"y":75.93956756591797,"z":-89.2395248413086},"rotation":{"x":-0.08100429177284241,"y":-0.07259728014469147,"z":0.005915993358939886,"w":-0.9940488934516907},"size":65.36664581298828,"orthographic":false}